Wk,Home,Away
1,Fulham,Arsenal
1,Crystal Palace,Southampton
1,Liverpool,Leeds United
1,West Ham,Newcastle Utd
1,West Brom,Leicester City
1,Tottenham,Everton
1,Sheffield Utd,Wolves
1,Brighton,Chelsea
2,Everton,West Brom
2,Leeds United,Fulham
2,Manchester Utd,Crystal Palace
2,Arsenal,West Ham
2,Southampton,Tottenham
2,Newcastle Utd,Brighton
2,Chelsea,Liverpool
2,Leicester City,Burnley
2,Aston Villa,Sheffield Utd
2,Wolves,Manchester City
3,Brighton,Manchester Utd
3,Crystal Palace,Everton
3,West Brom,Chelsea
3,Burnley,Southampton
3,Sheffield Utd,Leeds United
3,Tottenham,Newcastle Utd
3,Manchester City,Leicester City
3,West Ham,Wolves
3,Fulham,Aston Villa
3,Liverpool,Arsenal
4,Chelsea,Crystal Palace
4,Everton,Brighton
4,Leeds United,Manchester City
4,Newcastle Utd,Burnley
4,Leicester City,West Ham
4,Southampton,West Brom
4,Arsenal,Sheffield Utd
4,Wolves,Fulham
4,Manchester Utd,Tottenham
4,Aston Villa,Liverpool
5,Everton,Liverpool
5,Chelsea,Southampton
5,Manchester City,Arsenal
5,Newcastle Utd,Manchester Utd
5,Sheffield Utd,Fulham
5,Crystal Palace,Brighton
5,Tottenham,West Ham
5,Leicester City,Aston Villa
5,West Brom,Burnley
5,Leeds United,Wolves
6,Aston Villa,Leeds United
6,West Ham,Manchester City
6,Fulham,Crystal Palace
6,Manchester Utd,Chelsea
6,Liverpool,Sheffield Utd
6,Southampton,Everton
6,Wolves,Newcastle Utd
6,Arsenal,Leicester City
6,Brighton,West Brom
6,Burnley,Tottenham
7,Wolves,Crystal Palace
7,Sheffield Utd,Manchester City
7,Burnley,Chelsea
7,Liverpool,West Ham
7,Aston Villa,Southampton
7,Newcastle Utd,Everton
7,Manchester Utd,Arsenal
7,Tottenham,Brighton
7,Fulham,West Brom
7,Leeds United,Leicester City
8,Brighton,Burnley
8,Southampton,Newcastle Utd
8,Everton,Manchester Utd
8,Crystal Palace,Leeds United
8,Chelsea,Sheffield Utd
8,West Ham,Fulham
8,West Brom,Tottenham
8,Leicester City,Wolves
8,Manchester City,Liverpool
8,Arsenal,Aston Villa
9,Newcastle Utd,Chelsea
9,Aston Villa,Brighton
9,Tottenham,Manchester City
9,Manchester Utd,West Brom
9,Fulham,Everton
9,Sheffield Utd,West Ham
9,Leeds United,Arsenal
9,Liverpool,Leicester City
9,Burnley,Crystal Palace
9,Wolves,Southampton
10,Crystal Palace,Newcastle Utd
10,Brighton,Liverpool
10,Manchester City,Burnley
10,Everton,Leeds United
10,West Brom,Sheffield Utd
10,Southampton,Manchester Utd
10,Chelsea,Tottenham
10,Arsenal,Wolves
10,Leicester City,Fulham
10,West Ham,Aston Villa
11,Burnley,Everton
11,Manchester City,Fulham
11,West Ham,Manchester Utd
11,Chelsea,Leeds United
11,West Brom,Crystal Palace
11,Sheffield Utd,Leicester City
11,Tottenham,Arsenal
11,Liverpool,Wolves
11,Brighton,Southampton
12,Leeds United,West Ham
12,Wolves,Aston Villa
12,Newcastle Utd,West Brom
12,Manchester Utd,Manchester City
12,Everton,Chelsea
12,Southampton,Sheffield Utd
12,Crystal Palace,Tottenham
12,Fulham,Liverpool
12,Arsenal,Burnley
12,Leicester City,Brighton
13,Wolves,Chelsea
13,Manchester City,West Brom
13,Leeds United,Newcastle Utd
13,Leicester City,Everton
13,Arsenal,Southampton
13,Fulham,Brighton
13,Liverpool,Tottenham
13,West Ham,Crystal Palace
13,Aston Villa,Burnley
13,Sheffield Utd,Manchester Utd
14,Crystal Palace,Liverpool
14,Southampton,Manchester City
14,Everton,Arsenal
14,Newcastle Utd,Fulham
14,Brighton,Sheffield Utd
14,Tottenham,Leicester City
14,Manchester Utd,Leeds United
14,West Brom,Aston Villa
14,Burnley,Wolves
14,Chelsea,West Ham
15,Leicester City,Manchester Utd
15,Aston Villa,Crystal Palace
15,Fulham,Southampton
15,Arsenal,Chelsea
15,Sheffield Utd,Everton
15,Manchester City,Newcastle Utd
15,Leeds United,Burnley
15,West Ham,Brighton
15,Liverpool,West Brom
15,Wolves,Tottenham
16,Crystal Palace,Leicester City
16,Chelsea,Aston Villa
16,Burnley,Sheffield Utd
16,West Brom,Leeds United
16,Brighton,Arsenal
16,Southampton,West Ham
16,Manchester Utd,Wolves
16,Newcastle Utd,Liverpool
17,Everton,West Ham
17,Manchester Utd,Aston Villa
17,Tottenham,Leeds United
17,Crystal Palace,Sheffield Utd
17,Brighton,Wolves
17,West Brom,Arsenal
17,Newcastle Utd,Leicester City
17,Chelsea,Manchester City
17,Southampton,Liverpool
18,Sheffield Utd,Newcastle Utd
1,Burnley,Manchester Utd
18,Wolves,Everton
18,Manchester City,Brighton
16,Tottenham,Fulham
18,Arsenal,Crystal Palace
19,Wolves,West Brom
19,West Ham,Burnley
19,Leeds United,Brighton
19,Fulham,Chelsea
19,Leicester City,Southampton
19,Sheffield Utd,Tottenham
19,Liverpool,Manchester Utd
19,Manchester City,Crystal Palace
19,Arsenal,Newcastle Utd
18,West Ham,West Brom
18,Leicester City,Chelsea
1,Manchester City,Aston Villa
18,Fulham,Manchester Utd
18,Liverpool,Burnley
11,Aston Villa,Newcastle Utd
20,Newcastle Utd,Leeds United
20,Crystal Palace,West Ham
20,Southampton,Arsenal
20,West Brom,Manchester City
20,Burnley,Aston Villa
20,Chelsea,Wolves
20,Brighton,Fulham
20,Everton,Leicester City
20,Manchester Utd,Sheffield Utd
20,Tottenham,Liverpool
21,Everton,Newcastle Utd
21,West Brom,Fulham
21,Manchester City,Sheffield Utd
21,Crystal Palace,Wolves
21,Arsenal,Manchester Utd
21,Southampton,Aston Villa
21,Chelsea,Burnley
21,Leicester City,Leeds United
21,West Ham,Liverpool
21,Brighton,Tottenham
22,Wolves,Arsenal
22,Sheffield Utd,West Brom
22,Newcastle Utd,Crystal Palace
22,Manchester Utd,Southampton
22,Fulham,Leicester City
22,Burnley,Manchester City
22,Leeds United,Everton
22,Liverpool,Brighton
22,Aston Villa,West Ham
22,Tottenham,Chelsea
23,Aston Villa,Arsenal
23,Newcastle Utd,Southampton
23,Burnley,Brighton
23,Fulham,West Ham
23,Manchester Utd,Everton
23,Tottenham,West Brom
23,Wolves,Leicester City
23,Liverpool,Manchester City
23,Sheffield Utd,Chelsea
23,Leeds United,Crystal Palace
24,Leicester City,Liverpool
24,Crystal Palace,Burnley
24,Manchester City,Tottenham
24,Brighton,Aston Villa
24,Southampton,Wolves
24,West Brom,Manchester Utd
24,Arsenal,Leeds United
24,Everton,Fulham
24,West Ham,Sheffield Utd
24,Chelsea,Newcastle Utd
17,Burnley,Fulham
16,Everton,Manchester City
25,Wolves,Leeds United
25,Southampton,Chelsea
25,Burnley,West Brom
25,Liverpool,Everton
25,Fulham,Sheffield Utd
25,West Ham,Tottenham
25,Aston Villa,Leicester City
25,Arsenal,Manchester City
25,Manchester Utd,Newcastle Utd
25,Brighton,Crystal Palace
18,Leeds United,Southampton
26,Manchester City,West Ham
26,West Brom,Brighton
26,Leeds United,Aston Villa
26,Newcastle Utd,Wolves
26,Leicester City,Arsenal
26,Crystal Palace,Fulham
26,Tottenham,Burnley
26,Chelsea,Manchester Utd
26,Sheffield Utd,Liverpool
26,Everton,Southampton
29,Manchester City,Wolves
29,Burnley,Leicester City
29,Sheffield Utd,Aston Villa
29,Crystal Palace,Manchester Utd
29,West Brom,Everton
33,Fulham,Tottenham
29,Liverpool,Chelsea
27,Burnley,Arsenal
27,Sheffield Utd,Southampton
27,Aston Villa,Wolves
27,Brighton,Leicester City
27,West Brom,Newcastle Utd
27,Liverpool,Fulham
27,Manchester City,Manchester Utd
27,Tottenham,Crystal Palace
27,Chelsea,Everton
27,West Ham,Leeds United
33,Manchester City,Southampton
28,Newcastle Utd,Aston Villa
28,Leeds United,Chelsea
28,Crystal Palace,West Brom
28,Everton,Burnley
28,Fulham,Manchester City
28,Southampton,Brighton
28,Leicester City,Sheffield Utd
28,Arsenal,Tottenham
28,Manchester Utd,West Ham
28,Wolves,Liverpool
29,Fulham,Leeds United
29,Brighton,Newcastle Utd
29,West Ham,Arsenal
18,Aston Villa,Tottenham
30,Chelsea,West Brom
30,Leeds United,Sheffield Utd
30,Leicester City,Manchester City
30,Arsenal,Liverpool
30,Southampton,Burnley
30,Newcastle Utd,Tottenham
30,Aston Villa,Fulham
30,Manchester Utd,Brighton
30,Everton,Crystal Palace
30,Wolves,West Ham
31,Fulham,Wolves
31,Manchester City,Leeds United
31,Liverpool,Aston Villa
31,Crystal Palace,Chelsea
31,Burnley,Newcastle Utd
31,West Ham,Leicester City
31,Tottenham,Manchester Utd
31,Sheffield Utd,Arsenal
31,West Brom,Southampton
31,Brighton,Everton
32,Everton,Tottenham
32,Newcastle Utd,West Ham
32,Wolves,Sheffield Utd
32,Arsenal,Fulham
32,Manchester Utd,Burnley
32,Leeds United,Liverpool
32,Chelsea,Brighton
29,Tottenham,Southampton
32,Aston Villa,Manchester City
32,Leicester City,West Brom
33,Arsenal,Everton
33,Liverpool,Newcastle Utd
33,West Ham,Chelsea
33,Sheffield Utd,Brighton
33,Wolves,Burnley
33,Leeds United,Manchester Utd
33,Aston Villa,West Brom
33,Leicester City,Crystal Palace
34,Southampton,Leicester City
34,Crystal Palace,Manchester City
34,Brighton,Leeds United
34,Chelsea,Fulham
34,Everton,Aston Villa
34,Newcastle Utd,Arsenal
34,Tottenham,Sheffield Utd
34,West Brom,Wolves
34,Burnley,West Ham
35,Leicester City,Newcastle Utd
35,Leeds United,Tottenham
35,Sheffield Utd,Crystal Palace
35,Manchester City,Chelsea
35,Liverpool,Southampton
35,Wolves,Brighton
35,Aston Villa,Manchester Utd
35,West Ham,Everton
35,Arsenal,West Brom
35,Fulham,Burnley
36,Manchester Utd,Leicester City
32,Southampton,Crystal Palace
36,Chelsea,Arsenal
19,Aston Villa,Everton
34,Manchester Utd,Liverpool
36,Newcastle Utd,Manchester City
36,Burnley,Leeds United
36,Southampton,Fulham
36,Brighton,West Ham
36,Crystal Palace,Aston Villa
36,Tottenham,Wolves
36,West Brom,Liverpool
36,Everton,Sheffield Utd
37,Manchester Utd,Fulham
37,Southampton,Leeds United
37,Brighton,Manchester City
37,Chelsea,Leicester City
37,Newcastle Utd,Sheffield Utd
37,Everton,Wolves
37,Tottenham,Aston Villa
37,Crystal Palace,Arsenal
37,West Brom,West Ham
37,Burnley,Liverpool
38,Leeds United,West Brom
38,Arsenal,Brighton
38,West Ham,Southampton
38,Liverpool,Crystal Palace
38,Fulham,Newcastle Utd
38,Wolves,Manchester Utd
38,Sheffield Utd,Burnley
38,Manchester City,Everton
38,Leicester City,Tottenham
38,Aston Villa,Chelsea
1,Brentford,Arsenal
1,Manchester Utd,Leeds United
1,Everton,Southampton
1,Leicester City,Wolves
1,Chelsea,Crystal Palace
1,Burnley,Brighton
1,Watford,Aston Villa
1,Norwich City,Liverpool
1,Newcastle Utd,West Ham
1,Tottenham,Manchester City
2,Liverpool,Burnley
2,Leeds United,Everton
2,Crystal Palace,Brentford
2,Manchester City,Norwich City
2,Aston Villa,Newcastle Utd
2,Brighton,Watford
2,Wolves,Tottenham
2,Southampton,Manchester Utd
2,Arsenal,Chelsea
2,West Ham,Leicester City
3,Manchester City,Arsenal
3,West Ham,Crystal Palace
3,Norwich City,Leicester City
3,Aston Villa,Brentford
3,Newcastle Utd,Southampton
3,Brighton,Everton
3,Liverpool,Chelsea
3,Burnley,Leeds United
3,Tottenham,Watford
3,Wolves,Manchester Utd
4,Crystal Palace,Tottenham
4,Leicester City,Manchester City
4,Brentford,Brighton
4,Southampton,West Ham
4,Arsenal,Norwich City
4,Manchester Utd,Newcastle Utd
4,Watford,Wolves
4,Chelsea,Aston Villa
4,Leeds United,Liverpool
4,Everton,Burnley
5,Newcastle Utd,Leeds United
5,Wolves,Brentford
5,Norwich City,Watford
5,Burnley,Arsenal
5,Manchester City,Southampton
5,Liverpool,Crystal Palace
5,Aston Villa,Everton
5,Brighton,Leicester City
5,West Ham,Manchester Utd
5,Tottenham,Chelsea
6,Chelsea,Manchester City
6,Manchester Utd,Aston Villa
6,Everton,Norwich City
6,Leeds United,West Ham
6,Watford,Newcastle Utd
6,Leicester City,Burnley
6,Brentford,Liverpool
6,Southampton,Wolves
6,Arsenal,Tottenham
6,Crystal Palace,Brighton
7,Manchester Utd,Everton
7,Leeds United,Watford
7,Chelsea,Southampton
7,Wolves,Newcastle Utd
7,Burnley,Norwich City
7,Brighton,Arsenal
7,West Ham,Brentford
7,Tottenham,Aston Villa
7,Crystal Palace,Leicester City
7,Liverpool,Manchester City
8,Watford,Liverpool
8,Aston Villa,Wolves
8,Manchester City,Burnley
8,Southampton,Leeds United
8,Leicester City,Manchester Utd
8,Norwich City,Brighton
8,Brentford,Chelsea
8,Everton,West Ham
8,Newcastle Utd,Tottenham
8,Arsenal,Crystal Palace
9,Arsenal,Aston Villa
9,Chelsea,Norwich City
9,Southampton,Burnley
9,Crystal Palace,Newcastle Utd
9,Everton,Watford
9,Leeds United,Wolves
9,Brighton,Manchester City
9,Brentford,Leicester City
9,West Ham,Tottenham
9,Manchester Utd,Liverpool
10,Leicester City,Arsenal
10,Newcastle Utd,Chelsea
10,Manchester City,Crystal Palace
10,Liverpool,Brighton
10,Burnley,Brentford
10,Watford,Southampton
10,Tottenham,Manchester Utd
10,Norwich City,Leeds United
10,Aston Villa,West Ham
10,Wolves,Everton
11,Southampton,Aston Villa
11,Manchester Utd,Manchester City
11,Chelsea,Burnley
11,Brentford,Norwich City
11,Crystal Palace,Wolves
11,Brighton,Newcastle Utd
11,Arsenal,Watford
11,Leeds United,Leicester City
11,Everton,Tottenham
11,West Ham,Liverpool
12,Leicester City,Chelsea
12,Burnley,Crystal Palace
12,Aston Villa,Brighton
12,Newcastle Utd,Brentford
12,Norwich City,Southampton
12,Watford,Manchester Utd
12,Wolves,West Ham
12,Liverpool,Arsenal
12,Manchester City,Everton
12,Tottenham,Leeds United
13,Arsenal,Newcastle Utd
13,Liverpool,Southampton
13,Norwich City,Wolves
13,Crystal Palace,Aston Villa
13,Brighton,Leeds United
13,Manchester City,West Ham
13,Brentford,Everton
13,Leicester City,Watford
13,Chelsea,Manchester Utd
14,Newcastle Utd,Norwich City
14,Leeds United,Crystal Palace
14,West Ham,Brighton
14,Watford,Chelsea
14,Southampton,Leicester City
14,Wolves,Burnley
14,Aston Villa,Manchester City
14,Everton,Liverpool
14,Tottenham,Brentford
14,Manchester Utd,Arsenal
15,West Ham,Chelsea
15,Newcastle Utd,Burnley
15,Southampton,Brighton
15,Wolves,Liverpool
15,Watford,Manchester City
15,Tottenham,Norwich City
15,Manchester Utd,Crystal Palace
15,Leeds United,Brentford
15,Aston Villa,Leicester City
15,Everton,Arsenal
16,Brentford,Watford
16,Manchester City,Wolves
16,Liverpool,Aston Villa
16,Arsenal,Southampton
16,Chelsea,Leeds United
16,Norwich City,Manchester Utd
16,Leicester City,Newcastle Utd
16,Burnley,West Ham
16,Crystal Palace,Everton
17,Norwich City,Aston Villa
17,Manchester City,Leeds United
17,Crystal Palace,Southampton
17,Brighton,Wolves
17,Arsenal,West Ham
17,Chelsea,Everton
17,Liverpool,Newcastle Utd
18,Leeds United,Arsenal
18,Wolves,Chelsea
18,Newcastle Utd,Manchester City
18,Tottenham,Liverpool
19,Tottenham,Crystal Palace
19,Norwich City,Arsenal
19,West Ham,Southampton
19,Manchester City,Leicester City
19,Aston Villa,Chelsea
19,Brighton,Brentford
19,Newcastle Utd,Manchester Utd
20,Crystal Palace,Norwich City
20,Southampton,Tottenham
20,Watford,West Ham
20,Leicester City,Liverpool
20,Chelsea,Brighton
20,Brentford,Manchester City
20,Manchester Utd,Burnley
21,Arsenal,Manchester City
21,Watford,Tottenham
21,Crystal Palace,West Ham
21,Brentford,Aston Villa
21,Everton,Brighton
21,Leeds United,Burnley
21,Chelsea,Liverpool
21,Manchester Utd,Wolves
18,Southampton,Brentford
18,West Ham,Norwich City
22,Brighton,Crystal Palace
22,Manchester City,Chelsea
22,Norwich City,Everton
22,Newcastle Utd,Watford
22,Wolves,Southampton
22,Aston Villa,Manchester Utd
22,West Ham,Leeds United
22,Liverpool,Brentford
24,Brighton,Chelsea
17,Leicester City,Tottenham
17,Brentford,Manchester Utd
23,Watford,Norwich City
23,Everton,Aston Villa
23,Brentford,Wolves
23,Manchester Utd,West Ham
23,Leeds United,Newcastle Utd
23,Southampton,Manchester City
23,Crystal Palace,Liverpool
23,Arsenal,Burnley
23,Leicester City,Brighton
23,Chelsea,Tottenham
17,Burnley,Watford
24,West Ham,Watford
24,Newcastle Utd,Everton
24,Burnley,Manchester Utd
24,Norwich City,Crystal Palace
24,Manchester City,Brentford
24,Tottenham,Southampton
24,Aston Villa,Leeds United
24,Wolves,Arsenal
24,Liverpool,Leicester City
25,Manchester Utd,Southampton
25,Everton,Leeds United
25,Brentford,Crystal Palace
25,Watford,Brighton
25,Norwich City,Manchester City
25,Tottenham,Wolves
25,Newcastle Utd,Aston Villa
25,Burnley,Liverpool
25,Leicester City,West Ham
18,Manchester Utd,Brighton
26,West Ham,Newcastle Utd
26,Brighton,Burnley
26,Southampton,Everton
26,Arsenal,Brentford
26,Crystal Palace,Chelsea
26,Liverpool,Norwich City
26,Aston Villa,Watford
26,Manchester City,Tottenham
26,Leeds United,Manchester Utd
26,Wolves,Leicester City
13,Burnley,Tottenham
18,Watford,Crystal Palace
19,Liverpool,Leeds United
20,Arsenal,Wolves
27,Southampton,Norwich City
27,Leeds United,Tottenham
27,Crystal Palace,Burnley
27,Brighton,Aston Villa
27,Manchester Utd,Watford
27,Brentford,Newcastle Utd
27,Everton,Manchester City
27,West Ham,Wolves
22,Burnley,Leicester City
28,Leicester City,Leeds United
28,Aston Villa,Southampton
28,Newcastle Utd,Brighton
28,Burnley,Chelsea
28,Norwich City,Brentford
28,Wolves,Crystal Palace
28,Liverpool,West Ham
28,Watford,Arsenal
28,Manchester City,Manchester Utd
28,Tottenham,Everton
19,Wolves,Watford
21,Southampton,Newcastle Utd
30,Norwich City,Chelsea
20,Leeds United,Aston Villa
29,Brighton,Liverpool
29,Brentford,Burnley
29,Manchester Utd,Tottenham
29,Chelsea,Newcastle Utd
29,Everton,Wolves
29,Leeds United,Norwich City
29,West Ham,Aston Villa
29,Southampton,Watford
29,Arsenal,Leicester City
29,Crystal Palace,Manchester City
16,Brighton,Tottenham
27,Arsenal,Liverpool
20,Everton,Newcastle Utd
30,Wolves,Leeds United
30,Aston Villa,Arsenal
30,Leicester City,Brentford
30,Tottenham,West Ham
31,Liverpool,Watford
31,Brighton,Norwich City
31,Burnley,Manchester City
31,Chelsea,Brentford
31,Wolves,Aston Villa
31,Leeds United,Southampton
31,Manchester Utd,Leicester City
31,West Ham,Everton
31,Tottenham,Newcastle Utd
31,Crystal Palace,Arsenal
19,Burnley,Everton
32,Newcastle Utd,Wolves
32,Everton,Manchester Utd
32,Arsenal,Brighton
32,Watford,Leeds United
32,Southampton,Chelsea
32,Aston Villa,Tottenham
32,Brentford,West Ham
32,Norwich City,Burnley
32,Leicester City,Crystal Palace
32,Manchester City,Liverpool
33,Tottenham,Brighton
33,Watford,Brentford
33,Southampton,Arsenal
33,Manchester Utd,Norwich City
33,West Ham,Burnley
33,Newcastle Utd,Leicester City
30,Liverpool,Manchester Utd
18,Everton,Leicester City
25,Chelsea,Arsenal
30,Newcastle Utd,Crystal Palace
30,Manchester City,Brighton
30,Burnley,Southampton
34,Arsenal,Manchester Utd
34,Norwich City,Newcastle Utd
34,Leicester City,Aston Villa
34,Manchester City,Watford
34,Brentford,Tottenham
34,Chelsea,West Ham
34,Burnley,Wolves
34,Brighton,Southampton
34,Liverpool,Everton
34,Crystal Palace,Leeds United
37,Manchester Utd,Chelsea
35,Newcastle Utd,Liverpool
35,Watford,Burnley
35,Wolves,Brighton
35,Aston Villa,Norwich City
35,Southampton,Crystal Palace
35,Leeds United,Manchester City
35,Tottenham,Leicester City
35,Everton,Chelsea
35,West Ham,Arsenal
35,Manchester Utd,Brentford
36,Burnley,Aston Villa
36,Crystal Palace,Watford
36,Brentford,Southampton
36,Chelsea,Wolves
36,Brighton,Manchester Utd
36,Liverpool,Tottenham
36,Leicester City,Everton
36,Arsenal,Leeds United
36,Norwich City,West Ham
36,Manchester City,Newcastle Utd
33,Aston Villa,Liverpool
33,Leeds United,Chelsea
21,Leicester City,Norwich City
30,Watford,Everton
33,Wolves,Manchester City
22,Tottenham,Arsenal
37,Tottenham,Burnley
37,Wolves,Norwich City
37,Aston Villa,Crystal Palace
37,Watford,Leicester City
37,West Ham,Manchester City
37,Leeds United,Brighton
37,Everton,Brentford
37,Newcastle Utd,Arsenal
37,Southampton,Liverpool
33,Everton,Crystal Palace
18,Aston Villa,Burnley
27,Chelsea,Leicester City
38,Burnley,Newcastle Utd
38,Crystal Palace,Manchester Utd
38,Manchester City,Aston Villa
38,Brentford,Leeds United
38,Arsenal,Everton
38,Norwich City,Tottenham
38,Leicester City,Southampton
38,Liverpool,Wolves
38,Brighton,West Ham
38,Chelsea,Watford
1,Crystal Palace,Arsenal
1,Fulham,Liverpool
1,Newcastle Utd,Nott'ham Forest
1,Bournemouth,Aston Villa
1,Leeds United,Wolves
1,Tottenham,Southampton
1,Everton,Chelsea
1,Leicester City,Brentford
1,Manchester Utd,Brighton
1,West Ham,Manchester City
2,Aston Villa,Everton
2,Brighton,Newcastle Utd
2,Arsenal,Leicester City
2,Southampton,Leeds United
2,Wolves,Fulham
2,Manchester City,Bournemouth
2,Brentford,Manchester Utd
2,Nott'ham Forest,West Ham
2,Chelsea,Tottenham
2,Liverpool,Crystal Palace
3,Tottenham,Wolves
3,Everton,Nott'ham Forest
3,Crystal Palace,Aston Villa
3,Fulham,Brentford
3,Leicester City,Southampton
3,Bournemouth,Arsenal
3,West Ham,Brighton
3,Leeds United,Chelsea
3,Newcastle Utd,Manchester City
3,Manchester Utd,Liverpool
4,Southampton,Manchester Utd
4,Brighton,Leeds United
4,Brentford,Everton
4,Manchester City,Crystal Palace
4,Chelsea,Leicester City
4,Liverpool,Bournemouth
4,Arsenal,Fulham
4,Wolves,Newcastle Utd
4,Aston Villa,West Ham
4,Nott'ham Forest,Tottenham
5,Fulham,Brighton
5,Crystal Palace,Brentford
5,Southampton,Chelsea
5,Leeds United,Everton
5,Bournemouth,Wolves
5,Manchester City,Nott'ham Forest
5,Arsenal,Aston Villa
5,West Ham,Tottenham
5,Liverpool,Newcastle Utd
5,Leicester City,Manchester Utd
6,Everton,Liverpool
6,Tottenham,Fulham
6,Nott'ham Forest,Bournemouth
6,Wolves,Southampton
6,Newcastle Utd,Crystal Palace
6,Chelsea,West Ham
6,Brentford,Leeds United
6,Aston Villa,Manchester City
6,Brighton,Leicester City
6,Manchester Utd,Arsenal
8,Nott'ham Forest,Fulham
8,Aston Villa,Southampton
8,Wolves,Manchester City
8,Newcastle Utd,Bournemouth
8,Tottenham,Leicester City
8,Brentford,Arsenal
8,Everton,West Ham
9,Arsenal,Tottenham
9,Fulham,Newcastle Utd
9,Liverpool,Brighton
9,Crystal Palace,Chelsea
9,Bournemouth,Brentford
9,Southampton,Everton
9,West Ham,Wolves
9,Manchester City,Manchester Utd
9,Leeds United,Aston Villa
9,Leicester City,Nott'ham Forest
10,Newcastle Utd,Brentford
10,Bournemouth,Leicester City
10,Chelsea,Wolves
10,Manchester City,Southampton
10,Brighton,Tottenham
10,West Ham,Fulham
10,Crystal Palace,Leeds United
10,Arsenal,Liverpool
10,Everton,Manchester Utd
10,Nott'ham Forest,Aston Villa
11,Brentford,Brighton
11,Leicester City,Crystal Palace
11,Fulham,Bournemouth
11,Wolves,Nott'ham Forest
11,Tottenham,Everton
11,Manchester Utd,Newcastle Utd
11,Aston Villa,Chelsea
11,Leeds United,Arsenal
11,Southampton,West Ham
11,Liverpool,Manchester City
12,Brighton,Nott'ham Forest
12,Crystal Palace,Wolves
12,Bournemouth,Southampton
12,Newcastle Utd,Everton
12,Brentford,Chelsea
12,Liverpool,West Ham
12,Manchester Utd,Tottenham
12,Fulham,Aston Villa
12,Leicester City,Leeds United
13,Nott'ham Forest,Liverpool
13,Everton,Crystal Palace
13,Manchester City,Brighton
13,Chelsea,Manchester Utd
13,Wolves,Leicester City
13,Aston Villa,Brentford
13,Leeds United,Fulham
13,Southampton,Arsenal
13,Tottenham,Newcastle Utd
13,West Ham,Bournemouth
14,Leicester City,Manchester City
14,Crystal Palace,Southampton
14,Newcastle Utd,Aston Villa
14,Bournemouth,Tottenham
14,Brighton,Chelsea
14,Brentford,Wolves
14,Fulham,Everton
14,Liverpool,Leeds United
14,Arsenal,Nott'ham Forest
14,Manchester Utd,West Ham
15,Leeds United,Bournemouth
15,Wolves,Brighton
15,Manchester City,Fulham
15,Nott'ham Forest,Brentford
15,Everton,Leicester City
15,Chelsea,Arsenal
15,Southampton,Newcastle Utd
15,West Ham,Crystal Palace
15,Aston Villa,Manchester Utd
15,Tottenham,Liverpool
16,Manchester City,Brentford
16,Tottenham,Leeds United
16,Nott'ham Forest,Crystal Palace
16,West Ham,Leicester City
16,Liverpool,Southampton
16,Bournemouth,Everton
16,Newcastle Utd,Chelsea
16,Wolves,Arsenal
16,Brighton,Aston Villa
16,Fulham,Manchester Utd
17,Brentford,Tottenham
17,Crystal Palace,Fulham
17,Everton,Wolves
17,Leicester City,Newcastle Utd
17,Southampton,Brighton
17,Aston Villa,Liverpool
17,Arsenal,West Ham
17,Chelsea,Bournemouth
17,Manchester Utd,Nott'ham Forest
17,Leeds United,Manchester City
18,West Ham,Brentford
18,Liverpool,Leicester City
18,Wolves,Manchester Utd
18,Newcastle Utd,Leeds United
18,Fulham,Southampton
18,Bournemouth,Crystal Palace
18,Manchester City,Everton
18,Brighton,Arsenal
18,Tottenham,Aston Villa
18,Nott'ham Forest,Chelsea
19,Brentford,Liverpool
19,Leicester City,Fulham
19,Everton,Brighton
19,Arsenal,Newcastle Utd
19,Manchester Utd,Bournemouth
19,Southampton,Nott'ham Forest
19,Leeds United,West Ham
19,Crystal Palace,Tottenham
19,Aston Villa,Wolves
19,Chelsea,Manchester City
7,Fulham,Chelsea
20,Aston Villa,Leeds United
20,Manchester Utd,Manchester City
20,Nott'ham Forest,Leicester City
20,Wolves,West Ham
20,Brighton,Liverpool
20,Everton,Southampton
20,Brentford,Bournemouth
20,Newcastle Utd,Fulham
20,Chelsea,Crystal Palace
20,Tottenham,Arsenal
7,Crystal Palace,Manchester Utd
7,Manchester City,Tottenham
21,Liverpool,Chelsea
21,Southampton,Aston Villa
21,Bournemouth,Nott'ham Forest
21,Leicester City,Brighton
21,West Ham,Everton
21,Crystal Palace,Newcastle Utd
21,Leeds United,Brentford
21,Manchester City,Wolves
21,Arsenal,Manchester Utd
21,Fulham,Tottenham
22,Chelsea,Fulham
22,Everton,Arsenal
22,Brentford,Southampton
22,Wolves,Liverpool
22,Manchester Utd,Crystal Palace
22,Aston Villa,Leicester City
22,Brighton,Bournemouth
22,Newcastle Utd,West Ham
22,Nott'ham Forest,Leeds United
22,Tottenham,Manchester City
8,Manchester Utd,Leeds United
23,West Ham,Chelsea
23,Arsenal,Brentford
23,Leicester City,Tottenham
23,Fulham,Nott'ham Forest
23,Crystal Palace,Brighton
23,Southampton,Wolves
23,Bournemouth,Newcastle Utd
23,Leeds United,Manchester Utd
23,Manchester City,Aston Villa
23,Liverpool,Everton
12,Arsenal,Manchester City
24,Aston Villa,Arsenal
24,Brighton,Fulham
24,Brentford,Crystal Palace
24,Everton,Leeds United
24,Chelsea,Southampton
24,Wolves,Bournemouth
24,Nott'ham Forest,Manchester City
24,Newcastle Utd,Liverpool
24,Manchester Utd,Leicester City
24,Tottenham,West Ham
25,Fulham,Wolves
25,Leicester City,Arsenal
25,Everton,Aston Villa
25,Leeds United,Southampton
25,West Ham,Nott'ham Forest
25,Bournemouth,Manchester City
25,Crystal Palace,Liverpool
25,Tottenham,Chelsea
7,Arsenal,Everton
7,Liverpool,Wolves
26,Manchester City,Newcastle Utd
26,Chelsea,Leeds United
26,Aston Villa,Crystal Palace
26,Wolves,Tottenham
26,Brighton,West Ham
26,Arsenal,Bournemouth
26,Southampton,Leicester City
26,Nott'ham Forest,Everton
26,Liverpool,Manchester Utd
26,Brentford,Fulham
27,Bournemouth,Liverpool
27,Tottenham,Nott'ham Forest
27,Everton,Brentford
27,Leicester City,Chelsea
27,Leeds United,Brighton
27,Crystal Palace,Manchester City
27,Fulham,Arsenal
27,West Ham,Aston Villa
27,Manchester Utd,Southampton
27,Newcastle Utd,Wolves
7,Southampton,Brentford
8,Brighton,Crystal Palace
28,Nott'ham Forest,Newcastle Utd
28,Wolves,Leeds United
28,Brentford,Leicester City
28,Aston Villa,Bournemouth
28,Southampton,Tottenham
28,Chelsea,Everton
28,Arsenal,Crystal Palace
29,Manchester City,Liverpool
29,Arsenal,Leeds United
29,Bournemouth,Fulham
29,Crystal Palace,Leicester City
29,Brighton,Brentford
29,Nott'ham Forest,Wolves
29,Chelsea,Aston Villa
29,West Ham,Southampton
29,Newcastle Utd,Manchester Utd
29,Everton,Tottenham
7,Leeds United,Nott'ham Forest
7,Leicester City,Aston Villa
7,Bournemouth,Brighton
8,Chelsea,Liverpool
7,West Ham,Newcastle Utd
25,Manchester Utd,Brentford
30,Manchester Utd,Everton
30,Fulham,West Ham
30,Wolves,Chelsea
30,Tottenham,Brighton
30,Leicester City,Bournemouth
30,Brentford,Newcastle Utd
30,Aston Villa,Nott'ham Forest
30,Southampton,Manchester City
30,Leeds United,Crystal Palace
30,Liverpool,Arsenal
31,Aston Villa,Newcastle Utd
31,Southampton,Crystal Palace
31,Everton,Fulham
31,Tottenham,Bournemouth
31,Chelsea,Brighton
31,Wolves,Brentford
31,Manchester City,Leicester City
31,West Ham,Arsenal
31,Nott'ham Forest,Manchester Utd
31,Leeds United,Liverpool
32,Arsenal,Southampton
32,Fulham,Leeds United
32,Brentford,Aston Villa
32,Crystal Palace,Everton
32,Liverpool,Nott'ham Forest
32,Leicester City,Wolves
32,Bournemouth,West Ham
32,Newcastle Utd,Tottenham
33,Wolves,Crystal Palace
33,Aston Villa,Fulham
33,Leeds United,Leicester City
33,Nott'ham Forest,Brighton
33,Chelsea,Brentford
33,West Ham,Liverpool
33,Manchester City,Arsenal
33,Southampton,Bournemouth
33,Everton,Newcastle Utd
33,Tottenham,Manchester Utd
34,Crystal Palace,West Ham
34,Brentford,Nott'ham Forest
34,Brighton,Wolves
34,Fulham,Manchester City
34,Manchester Utd,Aston Villa
34,Newcastle Utd,Southampton
34,Bournemouth,Leeds United
34,Liverpool,Tottenham
34,Leicester City,Everton
34,Arsenal,Chelsea
28,Liverpool,Fulham
28,Manchester City,West Ham
28,Brighton,Manchester Utd
35,Tottenham,Crystal Palace
35,Manchester City,Leeds United
35,Bournemouth,Chelsea
35,Wolves,Aston Villa
35,Liverpool,Brentford
35,Newcastle Utd,Arsenal
35,West Ham,Manchester Utd
35,Fulham,Leicester City
35,Brighton,Everton
35,Nott'ham Forest,Southampton
36,Leeds United,Newcastle Utd
36,Chelsea,Nott'ham Forest
36,Manchester Utd,Wolves
36,Aston Villa,Tottenham
36,Crystal Palace,Bournemouth
36,Southampton,Fulham
36,Brentford,West Ham
36,Everton,Manchester City
36,Arsenal,Brighton
36,Leicester City,Liverpool
25,Newcastle Utd,Brighton
37,Tottenham,Brentford
37,Wolves,Everton
37,Liverpool,Aston Villa
37,Bournemouth,Manchester Utd
37,Fulham,Crystal Palace
37,Nott'ham Forest,Arsenal
37,West Ham,Leeds United
37,Brighton,Southampton
37,Manchester City,Chelsea
37,Newcastle Utd,Leicester City
32,Brighton,Manchester City
32,Manchester Utd,Chelsea
38,Brentford,Manchester City
38,Everton,Bournemouth
38,Crystal Palace,Nott'ham Forest
38,Southampton,Liverpool
38,Leicester City,West Ham
38,Aston Villa,Brighton
38,Leeds United,Tottenham
38,Arsenal,Wolves
38,Manchester Utd,Fulham
38,Chelsea,Newcastle Utd
1,Burnley,Manchester City
1,Arsenal,Nott'ham Forest
1,Everton,Fulham
1,Brighton,Luton Town
1,Sheffield Utd,Crystal Palace
1,Bournemouth,West Ham
1,Newcastle Utd,Aston Villa
1,Brentford,Tottenham
1,Chelsea,Liverpool
1,Manchester Utd,Wolves
2,Nott'ham Forest,Sheffield Utd
2,Wolves,Brighton
2,Fulham,Brentford
2,Liverpool,Bournemouth
2,Tottenham,Manchester Utd
2,Manchester City,Newcastle Utd
2,Aston Villa,Everton
2,West Ham,Chelsea
2,Crystal Palace,Arsenal
3,Chelsea,Luton Town
3,Bournemouth,Tottenham
3,Everton,Wolves
3,Manchester Utd,Nott'ham Forest
3,Brentford,Crystal Palace
3,Arsenal,Fulham
3,Brighton,West Ham
3,Sheffield Utd,Manchester City
3,Burnley,Aston Villa
3,Newcastle Utd,Liverpool
4,Luton Town,West Ham
4,Sheffield Utd,Everton
4,Brentford,Bournemouth
4,Manchester City,Fulham
4,Chelsea,Nott'ham Forest
4,Burnley,Tottenham
4,Brighton,Newcastle Utd
4,Crystal Palace,Wolves
4,Liverpool,Aston Villa
4,Arsenal,Manchester Utd
5,Wolves,Liverpool
5,Tottenham,Sheffield Utd
5,West Ham,Manchester City
5,Aston Villa,Crystal Palace
5,Fulham,Luton Town
5,Manchester Utd,Brighton
5,Newcastle Utd,Brentford
5,Bournemouth,Chelsea
5,Everton,Arsenal
5,Nott'ham Forest,Burnley
6,Luton Town,Wolves
6,Manchester City,Nott'ham Forest
6,Crystal Palace,Fulham
6,Brentford,Everton
6,Burnley,Manchester Utd
6,Chelsea,Aston Villa
6,Arsenal,Tottenham
6,Liverpool,West Ham
6,Brighton,Bournemouth
6,Sheffield Utd,Newcastle Utd
7,Aston Villa,Brighton
7,Manchester Utd,Crystal Palace
7,Wolves,Manchester City
7,West Ham,Sheffield Utd
7,Bournemouth,Arsenal
7,Newcastle Utd,Burnley
7,Everton,Luton Town
7,Tottenham,Liverpool
7,Nott'ham Forest,Brentford
7,Fulham,Chelsea
2,Luton Town,Burnley
8,Luton Town,Tottenham
8,Burnley,Chelsea
8,Manchester Utd,Brentford
8,Everton,Bournemouth
8,Fulham,Sheffield Utd
8,Crystal Palace,Nott'ham Forest
8,West Ham,Newcastle Utd
8,Wolves,Aston Villa
8,Brighton,Liverpool
8,Arsenal,Manchester City
9,Liverpool,Everton
9,Brentford,Burnley
9,Nott'ham Forest,Luton Town
9,Bournemouth,Wolves
9,Newcastle Utd,Crystal Palace
9,Manchester City,Brighton
9,Chelsea,Arsenal
9,Sheffield Utd,Manchester Utd
9,Aston Villa,West Ham
9,Tottenham,Fulham
10,Crystal Palace,Tottenham
10,Chelsea,Brentford
10,Arsenal,Sheffield Utd
10,Bournemouth,Burnley
10,Wolves,Newcastle Utd
10,West Ham,Everton
10,Brighton,Fulham
10,Liverpool,Nott'ham Forest
10,Aston Villa,Luton Town
10,Manchester Utd,Manchester City
11,Fulham,Manchester Utd
11,Brentford,West Ham
11,Burnley,Crystal Palace
11,Manchester City,Bournemouth
11,Everton,Brighton
11,Sheffield Utd,Wolves
11,Newcastle Utd,Arsenal
11,Nott'ham Forest,Aston Villa
11,Luton Town,Liverpool
11,Tottenham,Chelsea
12,Wolves,Tottenham
12,Manchester Utd,Luton Town
12,Crystal Palace,Everton
12,Arsenal,Burnley
12,Bournemouth,Newcastle Utd
12,Aston Villa,Fulham
12,Brighton,Sheffield Utd
12,Liverpool,Brentford
12,West Ham,Nott'ham Forest
12,Chelsea,Manchester City
13,Manchester City,Liverpool
13,Sheffield Utd,Bournemouth
13,Newcastle Utd,Chelsea
13,Luton Town,Crystal Palace
13,Burnley,West Ham
13,Nott'ham Forest,Brighton
13,Brentford,Arsenal
13,Tottenham,Aston Villa
13,Everton,Manchester Utd
13,Fulham,Wolves
14,Arsenal,Wolves
14,Brentford,Luton Town
14,Burnley,Sheffield Utd
14,Nott'ham Forest,Everton
14,Newcastle Utd,Manchester Utd
14,Bournemouth,Aston Villa
14,West Ham,Crystal Palace
14,Liverpool,Fulham
14,Chelsea,Brighton
14,Manchester City,Tottenham
15,Wolves,Burnley
15,Luton Town,Arsenal
15,Sheffield Utd,Liverpool
15,Brighton,Brentford
15,Crystal Palace,Bournemouth
15,Fulham,Nott'ham Forest
15,Aston Villa,Manchester City
15,Manchester Utd,Chelsea
15,Everton,Newcastle Utd
15,Tottenham,West Ham
16,Crystal Palace,Liverpool
16,Sheffield Utd,Brentford
16,Brighton,Burnley
16,Wolves,Nott'ham Forest
16,Manchester Utd,Bournemouth
16,Aston Villa,Arsenal
16,Luton Town,Manchester City
16,Fulham,West Ham
16,Everton,Chelsea
16,Tottenham,Newcastle Utd
17,Nott'ham Forest,Tottenham
17,Chelsea,Sheffield Utd
17,Newcastle Utd,Fulham
17,Manchester City,Crystal Palace
17,Burnley,Everton
17,West Ham,Wolves
17,Arsenal,Brighton
17,Brentford,Aston Villa
17,Liverpool,Manchester Utd
18,Crystal Palace,Brighton
18,Aston Villa,Sheffield Utd
18,West Ham,Manchester Utd
18,Fulham,Burnley
18,Nott'ham Forest,Bournemouth
18,Luton Town,Newcastle Utd
18,Tottenham,Everton
18,Liverpool,Arsenal
18,Wolves,Chelsea
19,Newcastle Utd,Nott'ham Forest
19,Bournemouth,Fulham
19,Sheffield Utd,Luton Town
19,Burnley,Liverpool
19,Manchester Utd,Aston Villa
19,Brentford,Wolves
19,Chelsea,Crystal Palace
19,Everton,Manchester City
19,Brighton,Tottenham
19,Arsenal,West Ham
20,Luton Town,Chelsea
20,Crystal Palace,Brentford
20,Wolves,Everton
20,Manchester City,Sheffield Utd
20,Aston Villa,Burnley
20,Nott'ham Forest,Manchester Utd
20,Fulham,Arsenal
20,Tottenham,Bournemouth
20,Liverpool,Newcastle Utd
20,West Ham,Brighton
21,Burnley,Luton Town
21,Chelsea,Fulham
21,Newcastle Utd,Manchester City
21,Everton,Aston Villa
21,Manchester Utd,Tottenham
21,Arsenal,Crystal Palace
21,Brentford,Nott'ham Forest
21,Sheffield Utd,West Ham
21,Bournemouth,Liverpool
21,Brighton,Wolves
22,Nott'ham Forest,Arsenal
22,Luton Town,Brighton
22,Fulham,Everton
22,Crystal Palace,Sheffield Utd
22,Aston Villa,Newcastle Utd
22,Manchester City,Burnley
22,Tottenham,Brentford
22,Liverpool,Chelsea
22,West Ham,Bournemouth
22,Wolves,Manchester Utd
23,Everton,Tottenham
23,Burnley,Fulham
23,Brighton,Crystal Palace
23,Newcastle Utd,Luton Town
23,Sheffield Utd,Aston Villa
23,Chelsea,Wolves
23,Bournemouth,Nott'ham Forest
23,Manchester Utd,West Ham
23,Arsenal,Liverpool
23,Brentford,Manchester City
24,Manchester City,Everton
24,Wolves,Brentford
24,Fulham,Bournemouth
24,Tottenham,Brighton
24,Liverpool,Burnley
24,Luton Town,Sheffield Utd
24,Nott'ham Forest,Newcastle Utd
24,West Ham,Arsenal
24,Aston Villa,Manchester Utd
24,Crystal Palace,Chelsea
25,Brentford,Liverpool
25,Nott'ham Forest,West Ham
25,Burnley,Arsenal
25,Fulham,Aston Villa
25,Newcastle Utd,Bournemouth
25,Tottenham,Wolves
25,Manchester City,Chelsea
25,Sheffield Utd,Brighton
25,Luton Town,Manchester Utd
25,Everton,Crystal Palace
18,Manchester City,Brentford
26,Liverpool,Luton Town
26,Aston Villa,Nott'ham Forest
26,Manchester Utd,Fulham
26,Crystal Palace,Burnley
26,Brighton,Everton
26,Bournemouth,Manchester City
26,Arsenal,Newcastle Utd
26,Wolves,Sheffield Utd
26,West Ham,Brentford
27,Brentford,Chelsea
27,Newcastle Utd,Wolves
27,Fulham,Brighton
27,Everton,West Ham
27,Tottenham,Crystal Palace
27,Nott'ham Forest,Liverpool
27,Luton Town,Aston Villa
27,Burnley,Bournemouth
27,Manchester City,Manchester Utd
27,Sheffield Utd,Arsenal
28,Manchester Utd,Everton
28,Wolves,Fulham
28,Bournemouth,Sheffield Utd
28,Crystal Palace,Luton Town
28,Arsenal,Brentford
28,Aston Villa,Tottenham
28,Brighton,Nott'ham Forest
28,West Ham,Burnley
28,Liverpool,Manchester City
28,Chelsea,Newcastle Utd
17,Bournemouth,Luton Town
29,Burnley,Brentford
29,Luton Town,Nott'ham Forest
29,Fulham,Tottenham
29,West Ham,Aston Villa
30,Newcastle Utd,West Ham
30,Nott'ham Forest,Crystal Palace
30,Sheffield Utd,Fulham
30,Chelsea,Burnley
30,Tottenham,Luton Town
30,Bournemouth,Everton
30,Aston Villa,Wolves
30,Brentford,Manchester Utd
30,Liverpool,Brighton
30,Manchester City,Arsenal
31,Newcastle Utd,Everton
31,Nott'ham Forest,Fulham
31,Bournemouth,Crystal Palace
31,Burnley,Wolves
31,West Ham,Tottenham
31,Brentford,Brighton
31,Arsenal,Luton Town
31,Manchester City,Aston Villa
31,Liverpool,Sheffield Utd
31,Chelsea,Manchester Utd
32,Crystal Palace,Manchester City
32,Luton Town,Bournemouth
32,Everton,Burnley
32,Wolves,West Ham
32,Aston Villa,Brentford
32,Fulham,Newcastle Utd
32,Brighton,Arsenal
32,Manchester Utd,Liverpool
32,Sheffield Utd,Chelsea
32,Tottenham,Nott'ham Forest
33,Newcastle Utd,Tottenham
33,Manchester City,Luton Town
33,Burnley,Brighton
33,Nott'ham Forest,Wolves
33,Brentford,Sheffield Utd
33,Bournemouth,Manchester Utd
33,Liverpool,Crystal Palace
33,West Ham,Fulham
33,Arsenal,Aston Villa
33,Chelsea,Everton
34,Sheffield Utd,Burnley
34,Luton Town,Brentford
34,Wolves,Arsenal
34,Everton,Nott'ham Forest
34,Crystal Palace,West Ham
34,Aston Villa,Bournemouth
34,Fulham,Liverpool
29,Arsenal,Chelsea
29,Wolves,Bournemouth
29,Everton,Liverpool
29,Manchester Utd,Sheffield Utd
29,Crystal Palace,Newcastle Utd
29,Brighton,Manchester City
35,West Ham,Liverpool
35,Wolves,Luton Town
35,Manchester Utd,Burnley
35,Fulham,Crystal Palace
35,Newcastle Utd,Sheffield Utd
35,Everton,Brentford
35,Aston Villa,Chelsea
35,Tottenham,Arsenal
35,Bournemouth,Brighton
35,Nott'ham Forest,Manchester City
26,Chelsea,Tottenham
36,Luton Town,Everton
36,Arsenal,Bournemouth
36,Brentford,Fulham
36,Burnley,Newcastle Utd
36,Sheffield Utd,Nott'ham Forest
36,Manchester City,Wolves
36,Brighton,Aston Villa
36,Chelsea,West Ham
36,Liverpool,Tottenham
36,Crystal Palace,Manchester Utd
37,Fulham,Manchester City
37,Newcastle Utd,Brighton
37,Tottenham,Burnley
37,Wolves,Crystal Palace
37,Bournemouth,Brentford
37,Everton,Sheffield Utd
37,West Ham,Luton Town
37,Nott'ham Forest,Chelsea
37,Manchester Utd,Arsenal
37,Aston Villa,Liverpool
34,Tottenham,Manchester City
34,Brighton,Chelsea
34,Manchester Utd,Newcastle Utd
38,Liverpool,Wolves
38,Luton Town,Fulham
38,Chelsea,Bournemouth
38,Burnley,Nott'ham Forest
38,Crystal Palace,Aston Villa
38,Brighton,Manchester Utd
38,Brentford,Newcastle Utd
38,Manchester City,West Ham
38,Arsenal,Everton
38,Sheffield Utd,Tottenham
1,Manchester Utd,Fulham
1,Ipswich Town,Liverpool
1,Newcastle Utd,Southampton
1,Everton,Brighton
1,Nott'ham Forest,Bournemouth
1,Arsenal,Wolves
1,West Ham,Aston Villa
1,Brentford,Crystal Palace
1,Chelsea,Manchester City
1,Leicester City,Tottenham
2,Brighton,Manchester Utd
2,Manchester City,Ipswich Town
2,Southampton,Nott'ham Forest
2,Tottenham,Everton
2,Fulham,Leicester City
2,Crystal Palace,West Ham
2,Aston Villa,Arsenal
2,Wolves,Chelsea
2,Bournemouth,Newcastle Utd
2,Liverpool,Brentford
3,Arsenal,Brighton
3,Ipswich Town,Fulham
3,Nott'ham Forest,Wolves
3,Brentford,Southampton
3,Leicester City,Aston Villa
3,Everton,Bournemouth
3,West Ham,Manchester City
3,Newcastle Utd,Tottenham
3,Chelsea,Crystal Palace
3,Manchester Utd,Liverpool
4,Southampton,Manchester Utd
4,Manchester City,Brentford
4,Liverpool,Nott'ham Forest
4,Crystal Palace,Leicester City
4,Fulham,West Ham
4,Brighton,Ipswich Town
4,Aston Villa,Everton
4,Bournemouth,Chelsea
4,Tottenham,Arsenal
4,Wolves,Newcastle Utd
5,West Ham,Chelsea
5,Tottenham,Brentford
5,Aston Villa,Wolves
5,Fulham,Newcastle Utd
5,Southampton,Ipswich Town
5,Leicester City,Everton
5,Liverpool,Bournemouth
5,Crystal Palace,Manchester Utd
5,Brighton,Nott'ham Forest
5,Manchester City,Arsenal
6,Newcastle Utd,Manchester City
6,Brentford,West Ham
6,Everton,Crystal Palace
6,Arsenal,Leicester City
6,Chelsea,Brighton
6,Nott'ham Forest,Fulham
6,Wolves,Liverpool
6,Ipswich Town,Aston Villa
6,Manchester Utd,Tottenham
6,Bournemouth,Southampton
7,Crystal Palace,Liverpool
7,Brentford,Wolves
7,Leicester City,Bournemouth
7,Manchester City,Fulham
7,West Ham,Ipswich Town
7,Arsenal,Southampton
7,Everton,Newcastle Utd
7,Aston Villa,Manchester Utd
7,Chelsea,Nott'ham Forest
7,Brighton,Tottenham
8,Tottenham,West Ham
8,Fulham,Aston Villa
8,Ipswich Town,Everton
8,Southampton,Leicester City
8,Manchester Utd,Brentford
8,Newcastle Utd,Brighton
8,Bournemouth,Arsenal
8,Wolves,Manchester City
8,Liverpool,Chelsea
8,Nott'ham Forest,Crystal Palace
9,Leicester City,Nott'ham Forest
9,Brighton,Wolves
9,Manchester City,Southampton
9,Brentford,Ipswich Town
9,Aston Villa,Bournemouth
9,Everton,Fulham
9,West Ham,Manchester Utd
9,Chelsea,Newcastle Utd
9,Crystal Palace,Tottenham
9,Arsenal,Liverpool
10,Newcastle Utd,Arsenal
10,Liverpool,Brighton
10,Southampton,Everton
10,Nott'ham Forest,West Ham
10,Ipswich Town,Leicester City
10,Bournemouth,Manchester City
10,Wolves,Crystal Palace
10,Tottenham,Aston Villa
10,Manchester Utd,Chelsea
10,Fulham,Brentford
11,West Ham,Everton
11,Crystal Palace,Fulham
11,Wolves,Southampton
11,Brentford,Bournemouth
11,Brighton,Manchester City
11,Liverpool,Aston Villa
11,Tottenham,Ipswich Town
11,Nott'ham Forest,Newcastle Utd
11,Manchester Utd,Leicester City
11,Chelsea,Arsenal
12,Leicester City,Chelsea
12,Aston Villa,Crystal Palace
12,Fulham,Wolves
12,Bournemouth,Brighton
12,Arsenal,Nott'ham Forest
12,Everton,Brentford
12,Manchester City,Tottenham
12,Southampton,Liverpool
12,Ipswich Town,Manchester Utd
12,Newcastle Utd,West Ham
13,Brighton,Southampton
13,Wolves,Bournemouth
13,Nott'ham Forest,Ipswich Town
13,Brentford,Leicester City
13,Crystal Palace,Newcastle Utd
13,West Ham,Arsenal
13,Manchester Utd,Everton
13,Tottenham,Fulham
13,Chelsea,Aston Villa
13,Liverpool,Manchester City
14,Ipswich Town,Crystal Palace
14,Leicester City,West Ham
14,Newcastle Utd,Liverpool
14,Everton,Wolves
14,Manchester City,Nott'ham Forest
14,Southampton,Chelsea
14,Arsenal,Manchester Utd
14,Aston Villa,Brentford
14,Fulham,Brighton
14,Bournemouth,Tottenham
15,Aston Villa,Southampton
15,Crystal Palace,Manchester City
15,Brentford,Newcastle Utd
15,Manchester Utd,Nott'ham Forest
15,Leicester City,Brighton
15,Ipswich Town,Bournemouth
15,Fulham,Arsenal
15,Tottenham,Chelsea
15,West Ham,Wolves
16,Liverpool,Fulham
16,Wolves,Ipswich Town
16,Newcastle Utd,Leicester City
16,Arsenal,Everton
16,Nott'ham Forest,Aston Villa
16,Brighton,Crystal Palace
16,Manchester City,Manchester Utd
16,Southampton,Tottenham
16,Chelsea,Brentford
16,Bournemouth,West Ham
17,Aston Villa,Manchester City
17,Ipswich Town,Newcastle Utd
17,Brentford,Nott'ham Forest
17,West Ham,Brighton
17,Crystal Palace,Arsenal
17,Manchester Utd,Bournemouth
17,Leicester City,Wolves
17,Everton,Chelsea
17,Fulham,Southampton
17,Tottenham,Liverpool
18,Manchester City,Everton
18,Southampton,West Ham
18,Newcastle Utd,Aston Villa
18,Nott'ham Forest,Tottenham
18,Bournemouth,Crystal Palace
18,Chelsea,Fulham
18,Wolves,Manchester Utd
18,Liverpool,Leicester City
18,Brighton,Brentford
18,Arsenal,Ipswich Town
19,Leicester City,Manchester City
19,Everton,Nott'ham Forest
19,Tottenham,Wolves
19,Fulham,Bournemouth
19,Crystal Palace,Southampton
19,West Ham,Liverpool
19,Aston Villa,Brighton
19,Ipswich Town,Chelsea
19,Manchester Utd,Newcastle Utd
19,Brentford,Arsenal
20,Tottenham,Newcastle Utd
20,Aston Villa,Leicester City
20,Bournemouth,Everton
20,Crystal Palace,Chelsea
20,Southampton,Brentford
20,Manchester City,West Ham
20,Brighton,Arsenal
20,Fulham,Ipswich Town
20,Liverpool,Manchester Utd
20,Wolves,Nott'ham Forest
21,West Ham,Fulham
21,Chelsea,Bournemouth
21,Brentford,Manchester City
21,Nott'ham Forest,Liverpool
21,Leicester City,Crystal Palace
21,Everton,Aston Villa
21,Newcastle Utd,Wolves
21,Arsenal,Tottenham
21,Ipswich Town,Brighton
21,Manchester Utd,Southampton
22,Newcastle Utd,Bournemouth
22,Leicester City,Fulham
22,West Ham,Crystal Palace
22,Brentford,Liverpool
22,Arsenal,Aston Villa
22,Everton,Tottenham
22,Manchester Utd,Brighton
22,Nott'ham Forest,Southampton
22,Ipswich Town,Manchester City
22,Chelsea,Wolves
23,Southampton,Newcastle Utd
23,Brighton,Everton
23,Liverpool,Ipswich Town
23,Bournemouth,Nott'ham Forest
23,Wolves,Arsenal
23,Manchester City,Chelsea
23,Crystal Palace,Brentford
23,Tottenham,Leicester City
23,Aston Villa,West Ham
23,Fulham,Manchester Utd
24,Nott'ham Forest,Brighton
24,Everton,Leicester City
24,Newcastle Utd,Fulham
24,Bournemouth,Liverpool
24,Ipswich Town,Southampton
24,Wolves,Aston Villa
24,Manchester Utd,Crystal Palace
24,Brentford,Tottenham
24,Arsenal,Manchester City
24,Chelsea,West Ham
15,Everton,Liverpool
25,Brighton,Chelsea
25,Leicester City,Arsenal
25,Fulham,Nott'ham Forest
25,Manchester City,Newcastle Utd
25,Southampton,Bournemouth
25,Aston Villa,Ipswich Town
25,West Ham,Brentford
25,Crystal Palace,Everton
25,Liverpool,Wolves
25,Tottenham,Manchester Utd
29,Aston Villa,Liverpool
26,Leicester City,Brentford
26,Everton,Manchester Utd
26,Fulham,Crystal Palace
26,Bournemouth,Wolves
26,Ipswich Town,Tottenham
26,Arsenal,West Ham
26,Southampton,Brighton
26,Aston Villa,Chelsea
26,Newcastle Utd,Nott'ham Forest
26,Manchester City,Liverpool
27,Brighton,Bournemouth
27,Crystal Palace,Aston Villa
27,Wolves,Fulham
27,Chelsea,Southampton
27,Tottenham,Manchester City
27,Nott'ham Forest,Arsenal
27,Manchester Utd,Ipswich Town
27,Brentford,Everton
27,Liverpool,Newcastle Utd
27,West Ham,Leicester City
28,Nott'ham Forest,Manchester City
28,Liverpool,Southampton
28,Brighton,Fulham
28,Crystal Palace,Ipswich Town
28,Brentford,Aston Villa
28,Wolves,Everton
28,Chelsea,Leicester City
28,Tottenham,Bournemouth
28,Manchester Utd,Arsenal
28,West Ham,Newcastle Utd
29,Everton,West Ham
29,Southampton,Wolves
29,Ipswich Town,Nott'ham Forest
29,Manchester City,Brighton
29,Bournemouth,Brentford
29,Arsenal,Chelsea
29,Fulham,Tottenham
29,Leicester City,Manchester Utd
30,Arsenal,Fulham
30,Wolves,West Ham
30,Nott'ham Forest,Manchester Utd
30,Newcastle Utd,Brentford
30,Manchester City,Leicester City
30,Southampton,Crystal Palace
30,Bournemouth,Ipswich Town
30,Brighton,Aston Villa
30,Liverpool,Everton
30,Chelsea,Tottenham
31,Everton,Arsenal
31,Crystal Palace,Brighton
31,Ipswich Town,Wolves
31,West Ham,Bournemouth
31,Aston Villa,Nott'ham Forest
31,Fulham,Liverpool
31,Brentford,Chelsea
31,Tottenham,Southampton
31,Manchester Utd,Manchester City
31,Leicester City,Newcastle Utd
32,Manchester City,Crystal Palace
32,Brighton,Leicester City
32,Southampton,Aston Villa
32,Nott'ham Forest,Everton
32,Arsenal,Brentford
32,Liverpool,West Ham
32,Chelsea,Ipswich Town
32,Wolves,Tottenham
32,Newcastle Utd,Manchester Utd
32,Bournemouth,Fulham
29,Newcastle Utd,Crystal Palace
33,Everton,Manchester City
33,West Ham,Southampton
33,Crystal Palace,Bournemouth
33,Brentford,Brighton
33,Aston Villa,Newcastle Utd
33,Fulham,Chelsea
33,Ipswich Town,Arsenal
33,Manchester Utd,Wolves
33,Leicester City,Liverpool
33,Tottenham,Nott'ham Forest
34,Manchester City,Aston Villa
34,Arsenal,Crystal Palace
34,Chelsea,Everton
34,Brighton,West Ham
34,Wolves,Leicester City
34,Southampton,Fulham
34,Newcastle Utd,Ipswich Town
34,Bournemouth,Manchester Utd
34,Liverpool,Tottenham
34,Nott'ham Forest,Brentford
35,Manchester City,Wolves
35,Aston Villa,Fulham
35,Leicester City,Southampton
35,Everton,Ipswich Town
35,Arsenal,Bournemouth
35,Brighton,Newcastle Utd
35,West Ham,Tottenham
35,Brentford,Manchester Utd
35,Chelsea,Liverpool
35,Crystal Palace,Nott'ham Forest
36,Ipswich Town,Brentford
36,Fulham,Everton
36,Wolves,Brighton
36,Southampton,Manchester City
36,Bournemouth,Aston Villa
36,Newcastle Utd,Chelsea
36,Nott'ham Forest,Leicester City
36,Tottenham,Crystal Palace
36,Manchester Utd,West Ham
36,Liverpool,Arsenal
37,Aston Villa,Tottenham
37,Chelsea,Manchester Utd
37,Everton,Southampton
37,West Ham,Nott'ham Forest
37,Brentford,Fulham
37,Leicester City,Ipswich Town
37,Arsenal,Newcastle Utd
37,Brighton,Liverpool
37,Manchester City,Bournemouth
37,Crystal Palace,Wolves
